文章编号,主关键词,副关键词,行业,栏目ID,文章状态,存放路径,是否入库,入库ID,创建日期,更新日期,URL_Slug
BR-001,硅PU篮球场多少钱一平方,硅PU篮球场价格|硅PU篮球场造价明细|硅PU篮球场施工报价|硅PU篮球场包工包料|5mm硅PU多少钱一平方|硅PU篮球场材料价格,硅PU球场,15,草稿,草稿/硅PU球场/BR-001-硅PU篮球场多少钱一平方.json,否,,2026-06-28,2026-06-28,gui-pu-lan-qiu-chang-duo-shao-qian-yi-ping-fang
BR-002,硅PU篮球场施工工艺,硅PU篮球场施工方案|硅PU篮球场施工视频|硅PU篮球场施工工艺视频|硅PU篮球场怎么施工|硅PU材料施工步骤,硅PU球场,15,草稿,草稿/硅PU球场/BR-002-硅PU篮球场施工工艺.json,否,,2026-06-28,2026-06-28,silicon-pu-basketball-court-construction-process
BR-003,硅PU篮球场标准厚度,硅PU篮球场厚度多少|硅PU篮球场3mm还是5mm|硅PU篮球场厚度要求|硅PU篮球场面层厚度|篮球场硅PU厚度标准规范,硅PU球场,15,草稿,草稿/硅PU球场/BR-003-硅PU篮球场标准厚度.json,否,,2026-06-28,2026-06-28,gui-pu-lan-qiu-chang-biao-zhun-hou-du
BR-004,硅PU篮球场厂家,硅PU篮球场材料厂家|硅PU篮球场生产厂家|硅PU篮球场厂家直销|硅PU篮球场厂家排名|硅PU篮球场材料供应商,硅PU球场,15,草稿,草稿/硅PU球场/BR-004-硅PU篮球场厂家.json,否,,2026-06-28,2026-06-28,gui-pu-lan-qiu-chang-chang-jia
BR-005,硅PU篮球场优缺点,硅PU篮球场好不好|硅PU篮球场和 acrylic 区别|硅PU篮球场缺点|硅PU篮球场优点|硅PU和丙烯酸篮球场哪个好,硅PU球场,15,草稿,草稿/硅PU球场/BR-005-硅PU篮球场优缺点.json,否,,2026-06-28,2026-06-28,gui-pu-lan-qiu-chang-you-que-dian
BR-006,硅PU篮球场裂缝处理,硅PU篮球场裂缝修补|硅PU篮球场开裂原因|硅PU篮球场裂缝怎么修|硅PU篮球场反射裂缝|硅PU球场裂缝处理方案,硅PU球场,15,草稿,草稿/硅PU球场/BR-006-硅PU篮球场裂缝处理.json,否,,2026-06-28,2026-06-28,gui-pu-lan-qiu-chang-lie-feng-chu-li
BR-007,硅PU篮球场验收标准,硅PU篮球场验收规范|硅PU篮球场验收标准GB36246|硅PU篮球场验收表格|硅PU篮球场检测报告|篮球场硅PU验收流程,硅PU球场,15,草稿,草稿/硅PU球场/BR-007-硅PU篮球场验收标准.json,否,,2026-06-28,2026-06-28,gui-pu-lan-qiu-chang-yan-shou-biao-zhun
BR-008,硅PU篮球场材料生产厂家,硅PU材料生产厂家|硅PU篮球场材料供应商|硅PU球场材料厂家直销|硅PU弹性料厂家|硅PU材料出厂价格,硅PU球场,15,草稿,草稿/硅PU球场/BR-008-硅PU篮球场材料生产厂家.json,否,,2026-06-28,2026-06-28,gui-pu-lan-qiu-chang-cai-liao-sheng-chan-chang-jia
BR-009,硅PU篮球场起泡怎么修补,硅PU篮球场起泡原因|硅PU球场起泡处理|硅PU篮球场鼓包修补|硅PU篮球场气泡|硅PU球场起泡怎么办,硅PU球场,15,草稿,草稿/硅PU球场/BR-009-硅PU篮球场起泡怎么修补.json,否,,2026-06-28,2026-06-28,gui-pu-lan-qiu-chang-qi-pao-xiu-bu
BR-010,硅PU篮球场有毒吗,硅PU篮球场环保吗|硅PU材料有毒有害吗|硅PU篮球场甲醛|硅PU球场气味安全|硅PU篮球场GB36246检测,硅PU球场,15,草稿,草稿/硅PU球场/BR-010-硅PU篮球场有毒吗.json,否,,2026-06-28,2026-06-28,gui-pu-lan-qiu-chang-you-du-ma
BR-011,足球场围网多少钱一平米,足球场围网价格|足球场围网厂家|足球场围网施工方案|足球场围网规格|足球场围网高度标准,硅PU球场,15,草稿,草稿/硅PU球场/BR-011-足球场围网多少钱一平米.json,否,,2026-06-28,2026-06-28,zu-qiu-chang-wei-wang-duo-shao-qian-yi-ping-mi
BR-012,塑胶跑道多少钱一平米,塑胶跑道价格|塑胶跑道造价|塑胶跑道多少钱一平方|透气型塑胶跑道价格|混合型塑胶跑道多少钱,硅PU球场,15,草稿,草稿/硅PU球场/BR-012-塑胶跑道多少钱一平米.json,否,,2026-06-28,2026-06-28,su-jiao-pao-dao-duo-shao-qian-yi-ping-mi
BR-013,硅PU篮球场造价明细,硅PU篮球场造价多少钱|硅PU篮球场造价明细表|硅PU篮球场报价单|硅PU篮球场各项费用|硅PU球场造价构成,硅PU球场,15,草稿,草稿/硅PU球场/BR-013-硅PU篮球场造价明细.json,否,,2026-06-28,2026-06-28,gui-pu-lan-qiu-chang-zao-jia-ming-xi
BR-014,硅PU篮球场施工方案,硅PU篮球场施工全过程|硅PU篮球场施工规范|篮球场硅PU施工方案|室外篮球场硅PU施工方案|硅PU球场施工方法,硅PU球场,15,草稿,草稿/硅PU球场/BR-014-硅PU篮球场施工方案.json,否,,2026-06-28,2026-06-28,gui-pu-lan-qiu-chang-shi-gong-fang-an
BR-015,硅PU篮球场使用年限,硅PU篮球场能用多少年|硅PU球场使用寿命|硅PU篮球场质保期|硅PU场地能用多久|硅PU篮球场耐久性,硅PU球场,15,草稿,草稿/硅PU球场/BR-015-硅PU篮球场使用年限.json,否,,2026-06-28,2026-06-28,gui-pu-lan-qiu-chang-shi-yong-nian-xian
BR-016,硅PU篮球场施工规范,硅PU篮球场施工标准|硅PU场地施工规范|硅PU篮球场施工要求|硅PU篮球场GB36246规范|硅PU球场施工国家标准,硅PU球场,15,草稿,草稿/硅PU球场/BR-016-硅PU篮球场施工规范.json,否,,2026-06-28,2026-06-28,gui-pu-lan-qiu-chang-shi-gong-gui-fan
BR-017,硅PU篮球场怎么清洗,硅PU球场清洗方法|硅PU篮球场清洁保养|硅PU场地怎么打扫|硅PU篮球场日常维护|硅PU地面清洗剂选择,硅PU球场,15,草稿,草稿/硅PU球场/BR-017-硅PU篮球场怎么清洗.json,否,,2026-06-28,2026-06-28,gui-pu-lan-qiu-chang-zen-me-qing-xi
BR-018,硅PU篮球场施工温度要求,硅PU施工气温要求|硅PU球场施工天气条件|硅PU篮球场低温施工|硅PU篮球场施工环境要求|硅PU球场冬季能施工吗,硅PU球场,15,草稿,草稿/硅PU球场/BR-018-硅PU篮球场施工温度要求.json,否,,2026-06-28,2026-06-28,gui-pu-lan-qiu-chang-shi-gong-wen-du-yao-qiu
BR-019,硅PU篮球场使用注意事项,硅PU篮球场使用须知|硅PU球场使用规范|硅PU篮球场使用管理规定|硅PU球场使用注意事项|硅PU篮球场管理办法,硅PU球场,15,草稿,草稿/硅PU球场/BR-019-硅PU篮球场使用注意事项.json,否,,2026-06-28,2026-06-28,gui-pu-lan-qiu-chang-shi-yong-zhu-yi-shi-xiang
BR-020,硅PU篮球场是什么意思,硅PU是什么材料|硅PU篮球场是什么|硅PU球场定义|硅PU篮球场材料解释|硅PU和丙烯酸的区别,硅PU球场,15,草稿,草稿/硅PU球场/BR-020-硅PU篮球场是什么意思.json,否,,2026-06-28,2026-06-28,gui-pu-lan-qiu-chang-shi-shen-me-yi-si
BR-021,硅PU篮球场怎么套定额,硅PU篮球场套什么定额|硅PU球场定额编码|硅PU篮球场预算定额|硅PU运动场地定额|硅PU篮球场工程造价定额,硅PU球场,15,草稿,草稿/硅PU球场/BR-021-硅PU篮球场怎么套定额.json,否,,2026-06-28,2026-06-28,gui-pu-lan-qiu-chang-zen-me-tao-ding-e
BR-022,硅PU篮球场积水怎么办,硅PU球场积水处理|硅PU篮球场排水不畅|硅PU场地积水原因|硅PU篮球场积水修补|硅PU球场排水坡度不够,硅PU球场,15,草稿,草稿/硅PU球场/BR-022-硅PU篮球场积水怎么办.json,否,,2026-06-28,2026-06-28,gui-pu-lan-qiu-chang-ji-shui-zen-me-ban
BR-023,硅PU球场翻新施工方案,硅PU篮球场翻新|硅PU场地翻新方案|旧硅PU球场翻新|硅PU球场翻新价格|硅PU篮球场重做面层,硅PU球场,15,草稿,草稿/硅PU球场/BR-023-硅PU球场翻新施工方案.json,否,,2026-06-28,2026-06-28,gui-pu-qiu-chang-fan-xin-shi-gong-fang-an
BR-024,硅PU篮球场尺寸图片,硅PU篮球场效果图|篮球场硅PU图片|硅PU篮球场施工图|硅PU球场图片高清|篮球场硅PU设计图,硅PU球场,15,草稿,草稿/硅PU球场/BR-024-硅PU篮球场尺寸图片.json,否,,2026-06-28,2026-06-28,gui-pu-lan-qiu-chang-chi-cun-tu-pian
BR-025,足球场围网施工方案,足球场围网施工流程|足球场围网安装方案|足球场围网施工规范|足球场围网基础做法|足球场围网安装步骤,硅PU球场,15,草稿,草稿/硅PU球场/BR-025-足球场围网施工方案.json,否,,2026-06-28,2026-06-28,zu-qiu-chang-wei-wang-shi-gong-fang-an
BR-026,足球场围网高度国家标准,足球场围网高度标准|足球场围网高度要求|足球场围网标准尺寸|足球场围网高度国标规范|足球场围网规格国家标准,硅PU球场,15,草稿,草稿/硅PU球场/BR-026-足球场围网高度国家标准.json,否,,2026-06-28,2026-06-28,zu-qiu-chang-wei-wang-gao-du-guo-jia-biao-zhun
BR-027,塑胶跑道多少钱一平米含施工,塑胶跑道含施工造价|塑胶跑道包工包料价格|塑胶跑道施工报价|400米跑道造价含施工|透气型塑胶跑道多少钱含施工,硅PU球场,15,草稿,草稿/硅PU球场/BR-027-塑胶跑道多少钱一平米含施工.json,否,,2026-06-28,2026-06-28,su-jiao-pao-dao-duo-shao-qian-yi-ping-mi-han-shi-gong
BR-028,硅PU篮球场多久可以使用,硅PU篮球场养护多久|硅PU篮球场施工后多久开放|硅PU球场固化时间|硅PU篮球场竣工后多久使用|硅PU球场养护期,硅PU球场,15,草稿,草稿/硅PU球场/BR-028-硅PU篮球场多久可以使用.json,否,,2026-06-28,2026-06-28,gui-pu-lan-qiu-chang-duo-jiu-ke-yi-shi-yong
BR-029,硅PU篮球场施工全过程,硅PU篮球场铺设工艺及流程|硅PU篮球场施工步骤视频|室外篮球场硅PU施工全过程|硅PU球场施工全程记录|做硅PU篮球场的工艺流程,硅PU球场,15,草稿,草稿/硅PU球场/BR-029-硅PU篮球场施工全过程.json,否,,2026-06-28,2026-06-28,gui-pu-lan-qiu-chang-shi-gong-quan-guo-cheng
BR-030,篮球场地面硅PU是什么材料,硅PU材料成分|篮球场硅PU材料|硅PU球场材料特点|硅PU篮球场地面材料介绍|硅PU篮球场材料有哪些,硅PU球场,15,草稿,草稿/硅PU球场/BR-030-篮球场地面硅PU是什么材料.json,否,,2026-06-28,2026-06-28,lan-qiu-chang-di-mian-gui-pu-shi-shen-me-cai-liao
BR-031,13mm塑胶跑道多少钱一平方,13mm塑胶跑道价格|13mm透气型塑胶跑道报价|13mm跑道造价|13mm厚塑胶跑道含施工|13mm塑胶跑道材料费用,硅PU球场,15,草稿,草稿/硅PU球场/BR-031-13mm塑胶跑道多少钱一平方.json,否,,2026-06-28,2026-06-28,13mm-su-jiao-pao-dao-duo-shao-qian-yi-ping-fang
BR-032,硅PU篮球场施工中间下雨,硅PU施工下雨怎么办|硅PU篮球场雨天施工|硅PU球场下雨影响|硅PU施工遇雨处理|硅PU球场淋雨补救,硅PU球场,15,草稿,草稿/硅PU球场/BR-032-硅PU篮球场施工中间下雨.json,否,,2026-06-28,2026-06-28,gui-pu-lan-qiu-chang-shi-gong-zhong-jian-xia-yu
BR-033,硅PU篮球场施工价格,硅PU篮球场施工报价|硅PU篮球场价格|硅PU篮球场施工费用|篮球场硅PU施工价格,硅PU球场,15,草稿,草稿/硅PU球场/BR-033-硅PU篮球场施工价格.json,否,,2026-06-29,2026-06-29,gui-pu-lan-qiu-chang-shi-gong-jia-ge
BR-034,硅PU篮球场包工包料多少钱一平米,硅PU篮球场包工包料|硅PU全包价格|篮球场硅PU包工包料报价|硅PU球场包工包料,硅PU球场,15,草稿,草稿/硅PU球场/BR-034-硅PU篮球场包工包料多少钱一平米.json,否,,2026-06-29,2026-06-29,gui-pu-lan-qiu-chang-bao-gong-bao-liao-duo-shao-qian
BR-035,5mm硅PU多少钱一平方,5mm硅PU篮球场价格|5毫米硅PU价格|5mm硅PU材料费用|5mm硅PU报价,硅PU球场,15,草稿,草稿/硅PU球场/BR-035-5mm硅PU多少钱一平方.json,否,,2026-06-29,2026-06-29,5mm-gui-pu-duo-shao-qian-yi-ping-fang
BR-036,硅PU篮球场一平方用多少材料,硅PU材料用量计算|硅PU每平方米用量|硅PU材料消耗量|硅PU篮球场材料预算,硅PU球场,15,草稿,草稿/硅PU球场/BR-036-硅PU篮球场一平方用多少材料.json,否,,2026-06-29,2026-06-29,gui-pu-lan-qiu-chang-yi-ping-fang-yong-duo-shao-cai-liao
BR-037,硅PU篮球场基础做法,硅PU球场基础处理|硅PU基础找平|硅PU基础地面做法|篮球场硅PU基础要求,硅PU球场,15,草稿,草稿/硅PU球场/BR-037-硅PU篮球场基础做法.json,否,,2026-06-29,2026-06-29,gui-pu-lan-qiu-chang-ji-chu-zuo-fa
BR-038,硅PU篮球场地面做法,硅PU地面施工步骤|篮球场硅PU地面做法|硅PU球场地面施工|硅PU篮球场地面施工工艺,硅PU球场,15,草稿,草稿/硅PU球场/BR-038-硅PU篮球场地面做法.json,否,,2026-06-29,2026-06-29,gui-pu-lan-qiu-chang-di-mian-zuo-fa
BR-039,硅PU篮球场怎么做,硅PU篮球场建设流程|做硅PU篮球场的步骤|硅PU球场怎么做|篮球场硅PU施工流程,硅PU球场,15,草稿,草稿/硅PU球场/BR-039-硅PU篮球场怎么做.json,否,,2026-06-29,2026-06-29,gui-pu-lan-qiu-chang-zen-me-zuo
BR-040,新国标硅PU篮球场施工工艺,硅PU新国标标准|GB/T 22517.4|新国标硅PU施工|硅PU篮球场国标要求|硅PU新标准施工,硅PU球场,15,草稿,草稿/硅PU球场/BR-040-新国标硅PU篮球场施工工艺.json,否,,2026-06-29,2026-06-29,xin-guo-biao-gui-pu-lan-qiu-chang-shi-gong
BR-041,硅PU篮球场一般做多厚,硅PU球场厚度|硅PU篮球场厚度选择|硅PU几毫米合适|篮球场硅PU厚度推荐,硅PU球场,15,草稿,草稿/硅PU球场/BR-041-硅PU篮球场一般做多厚.json,否,,2026-06-29,2026-06-29,gui-pu-lan-qiu-chang-yi-ban-zuo-duo-hou
BR-042,硅PU篮球场有几层,硅PU球场结构层次|硅PU篮球场分层结构|硅PU各层功能|硅PU球场构造,硅PU球场,15,草稿,草稿/硅PU球场/BR-042-硅PU篮球场有几层.json,否,,2026-06-29,2026-06-29,gui-pu-lan-qiu-chang-you-ji-ceng
BR-043,硅PU篮球场效果图,硅PU球场效果图|硅PU篮球场图片效果图|篮球场硅PU效果图展示|硅PU球场配色方案,硅PU球场,15,草稿,草稿/硅PU球场/BR-043-硅PU篮球场效果图.json,否,,2026-06-29,2026-06-29,gui-pu-lan-qiu-chang-xiao-guo-tu
BR-044,硅PU篮球场施工图,硅PU球场施工图纸|篮球场施工图设计|硅PU施工图怎么看|篮球场施工图识图,硅PU球场,15,草稿,草稿/硅PU球场/BR-044-硅PU篮球场施工图.json,否,,2026-06-29,2026-06-29,gui-pu-lan-qiu-chang-shi-gong-tu
BR-045,旧的硅PU篮球场如何翻新,硅PU球场翻新施工|旧硅PU篮球场翻新方案|硅PU篮球场翻新流程|旧硅PU球场翻新价格,硅PU球场,15,草稿,草稿/硅PU球场/BR-045-旧的硅PU篮球场如何翻新.json,否,,2026-06-29,2026-06-29,jiu-de-gui-pu-lan-qiu-chang-ru-he-fan-xin
BR-046,硅PU球场维修,硅PU球场修复方案|硅PU篮球场维修方法|硅PU球场常见问题维修|硅PU球场修补方法,硅PU球场,15,草稿,草稿/硅PU球场/BR-046-硅PU球场维修.json,否,,2026-06-29,2026-06-29,gui-pu-qiu-chang-wei-xiu
BR-047,硅PU篮球场使用管理规定,硅PU球场使用管理制度|篮球场使用规定|硅PU篮球场管理规范|球场日常维护制度,硅PU球场,14,草稿,草稿/硅PU球场/BR-047-硅PU篮球场使用管理规定.json,否,,2026-06-29,2026-06-29,gui-pu-lan-qiu-chang-shi-yong-guan-li-gui-ding
BR-048,硅PU球场的优点,硅PU球场优势|硅PU篮球场优点|硅PU与传统球场对比|硅PU球场好处,硅PU球场,15,草稿,草稿/硅PU球场/BR-048-硅PU球场的优点.json,否,,2026-06-29,2026-06-29,gui-pu-qiu-chang-de-you-dian
BR-049,硅PU篮球场大品牌,硅PU品牌推荐|硅PU材料大品牌|硅PU厂家排行|硅PU什么品牌好,硅PU球场,15,草稿,草稿/硅PU球场/BR-049-硅PU篮球场大品牌.json,否,,2026-06-29,2026-06-29,gui-pu-lan-qiu-chang-da-pin-pai
BR-050,足球场围网价格,足球场围网报价|足球场围网多少钱一平米|足球场围网报价表|围网价格,硅PU球场,15,草稿,草稿/硅PU球场/BR-050-足球场围网价格.json,否,,2026-06-29,2026-06-29,zu-qiu-chang-wei-wang-jia-ge
BR-051,足球场围网尺寸,足球场围网标准尺寸|足球场围网规格参数|围网尺寸标准|足球场围网高度长度,硅PU球场,15,草稿,草稿/硅PU球场/BR-051-足球场围网尺寸.json,否,,2026-06-29,2026-06-29,zu-qiu-chang-wei-wang-chi-cun
BR-052,塑胶篮球场多少钱一平米,塑胶篮球场价格|塑胶篮球场造价|篮球场塑胶地面价格|塑胶篮球场预算,硅PU球场,15,草稿,草稿/硅PU球场/BR-052-塑胶篮球场多少钱一平米.json,否,,2026-06-29,2026-06-29,su-jiao-lan-qiu-chang-duo-shao-qian-yi-ping-mi
BR-053,硅PU篮球场施工多少钱一平方,硅PU篮球场施工价格|硅PU篮球场施工报价|硅PU篮球场施工费用|硅PU篮球场施工单价,硅PU球场,15,草稿,草稿/硅PU球场/BR-053-硅PU篮球场施工多少钱一平方.json,否,,2026-06-28,,gui-pu-lan-qiu-chang-shi-gong-duo-shao-qian-yi-ping-fang
BR-054,硅PU篮球场价格多少钱一平方,硅PU篮球场价格|硅PU篮球场多少钱一平方|硅PU篮球场单价|硅PU篮球场每平方价格,硅PU球场,15,草稿,草稿/硅PU球场/BR-054-硅PU篮球场价格多少钱一平方.json,否,,2026-06-28,,gui-pu-lan-qiu-chang-jia-ge-duo-shao-qian-yi-ping-fang
BR-055,硅PU篮球场造价是多少,硅PU篮球场造价|硅PU篮球场造价多少钱|篮球场硅PU造价|硅PU球场造价,硅PU球场,15,草稿,草稿/硅PU球场/BR-055-硅PU篮球场造价是多少.json,否,,2026-06-28,,gui-pu-lan-qiu-chang-zao-jia-shi-duo-shao
BR-056,硅PU篮球场要多少钱,硅PU篮球场总费用|做一个硅PU篮球场要多少钱|硅PU篮球场建设费用|硅PU篮球场总投资,硅PU球场,15,草稿,草稿/硅PU球场/BR-056-硅PU篮球场要多少钱.json,否,,2026-06-28,,gui-pu-lan-qiu-chang-yao-duo-shao-qian
BR-057,硅PU篮球场地每平方价格,硅PU篮球场地价格|硅PU篮球场每平方造价|硅PU篮球场地每平米价格|硅PU篮球场平方米单价,硅PU球场,15,草稿,草稿/硅PU球场/BR-057-硅PU篮球场地每平方价格.json,否,,2026-06-28,,gui-pu-lan-qiu-chang-di-mei-ping-fang-jia-ge
BR-058,硅PU篮球场多少钱一平方米,硅PU篮球场价格|硅PU篮球场多少钱|篮球场硅PU多少钱一平方米|硅PU球场每平方米价格,硅PU球场,15,草稿,草稿/硅PU球场/BR-058-硅PU篮球场多少钱一平方米.json,否,,2026-06-28,,gui-pu-lan-qiu-chang-duo-shao-qian-yi-ping-fang-mi
BR-059,硅PU篮球场施工报价,硅PU篮球场报价|硅PU篮球场施工报价单|硅PU篮球场报价明细|篮球场硅PU施工报价,硅PU球场,15,草稿,草稿/硅PU球场/BR-059-硅PU篮球场施工报价.json,否,,2026-06-28,,gui-pu-lan-qiu-chang-shi-gong-bao-jia
BR-060,硅PU篮球场价格,硅PU篮球场多少钱|硅PU篮球场造价|硅PU篮球场价格表|硅PU篮球场市场价,硅PU球场,15,草稿,草稿/硅PU球场/BR-060-硅PU篮球场价格.json,否,,2026-06-28,,gui-pu-lan-qiu-chang-jia-ge
BR-061,硅PU篮球场地面报价,硅PU篮球场地面价格|篮球场地面硅PU报价|硅PU地面施工报价|硅PU球场地面报价,硅PU球场,15,草稿,草稿/硅PU球场/BR-061-硅PU篮球场地面报价.json,否,,2026-06-28,,gui-pu-lan-qiu-chang-di-mian-bao-jia
BR-062,篮球场地面硅PU多少钱一平方,篮球场硅PU价格|篮球场地面硅PU多少钱|篮球场硅PU多少钱一平方|篮球场硅PU面层价格,硅PU球场,15,草稿,草稿/硅PU球场/BR-062-篮球场地面硅PU多少钱一平方.json,否,,2026-06-28,,lan-qiu-chang-di-mian-gui-pu-duo-shao-qian-yi-ping-fang
BR-063,硅PU篮球场造价,硅PU篮球场总造价|硅PU篮球场建设造价|篮球场硅PU造价多少钱|硅PU球场造价预算,硅PU球场,15,草稿,草稿/硅PU球场/BR-063-硅PU篮球场造价.json,否,,2026-06-28,,gui-pu-lan-qiu-chang-zao-jia
BR-064,硅PU篮球场造价多少钱一平方,硅PU篮球场每平方造价|硅PU篮球场造价单价|篮球场硅PU每平方造价|硅PU球场每平方米造价,硅PU球场,15,草稿,草稿/硅PU球场/BR-064-硅PU篮球场造价多少钱一平方.json,否,,2026-06-28,,gui-pu-lan-qiu-chang-zao-jia-duo-shao-qian-yi-ping-fang
BR-065,室外硅PU篮球场材料报价,室外硅PU篮球场价格|室外篮球场硅PU材料费|室外硅PU球场报价|室外篮球场硅PU报价,硅PU球场,15,草稿,草稿/硅PU球场/BR-065-室外硅PU篮球场材料报价.json,否,,2026-06-28,,shi-wai-gui-pu-lan-qiu-chang-cai-liao-bao-jia
BR-066,硅PU篮球场报价单,硅PU篮球场报价单模板|硅PU篮球场报价清单|硅PU篮球场工程报价|硅PU篮球场施工报价单格式,硅PU球场,15,草稿,草稿/硅PU球场/BR-066-硅PU篮球场报价单.json,否,,2026-06-28,,gui-pu-lan-qiu-chang-bao-jia-dan
BR-067,8mm硅PU多少钱一平方,8mm硅PU多少钱一平方价格|8mm硅PU多少钱一平方报价|8mm硅PU多少钱一平方方案|8mm硅PU多少钱一平方标准,硅PU球场,15,草稿,草稿/硅PU球场/BR-067-8mm硅PU多少钱一平方.json,否,,2026-06-28,,8mm-gui-pu-duo-shao-qian-yi-ping-fang
BR-068,硅PU一平米用多少公斤材料,硅PU一平米用多少公斤材料价格|硅PU一平米用多少公斤材料报价|硅PU一平米用多少公斤材料方案|硅PU一平米用多少公斤材料标准,硅PU球场,15,草稿,草稿/硅PU球场/BR-068-硅PU一平米用多少公斤材料.json,否,,2026-06-28,,gui-pu-yi-ping-mi-yong-duo-shao-gong-jin-cai-liao
BR-069,篮球场硅PU材料价格,篮球场硅PU材料价格价格|篮球场硅PU材料价格报价|篮球场硅PU材料价格方案|篮球场硅PU材料价格标准,硅PU球场,15,草稿,草稿/硅PU球场/BR-069-篮球场硅PU材料价格.json,否,,2026-06-28,,lan-qiu-chang-gui-pu-cai-liao-jia-ge
BR-070,做一个硅PU的篮球场要多少钱,做一个硅PU的篮球场要多少钱价格|做一个硅PU的篮球场要多少钱报价|做一个硅PU的篮球场要多少钱方案|做一个硅PU的篮球场要多少钱标准,硅PU球场,15,草稿,草稿/硅PU球场/BR-070-做一个硅PU的篮球场要多少钱.json,否,,2026-06-28,,zuo-yi-ge-gui-pu-de-lan-qiu-chang-yao-duo-shao-qian
BR-071,硅PU篮球场铺设工艺及流程,硅PU篮球场铺设工艺及流程价格|硅PU篮球场铺设工艺及流程报价|硅PU篮球场铺设工艺及流程方案|硅PU篮球场铺设工艺及流程标准,硅PU球场,14,草稿,草稿/硅PU球场/BR-071-硅PU篮球场铺设工艺及流程.json,否,,2026-06-28,,gui-pu-lan-qiu-chang-pu-she-gong-yi-ji-liu-cheng
BR-072,硅PU篮球场施工工艺及国标,硅PU篮球场施工工艺及国标价格|硅PU篮球场施工工艺及国标报价|硅PU篮球场施工工艺及国标方案|硅PU篮球场施工工艺及国标标准,硅PU球场,14,草稿,草稿/硅PU球场/BR-072-硅PU篮球场施工工艺及国标.json,否,,2026-06-28,,gui-pu-lan-qiu-chang-shi-gong-gong-yi-ji-guo-biao
BR-073,篮球场硅PU施工方案,篮球场硅PU施工方案价格|篮球场硅PU施工方案报价|篮球场硅PU施工方案方案|篮球场硅PU施工方案标准,硅PU球场,14,草稿,草稿/硅PU球场/BR-073-篮球场硅PU施工方案.json,否,,2026-06-28,,lan-qiu-chang-gui-pu-shi-gong-fang-an
BR-074,篮球场地面硅PU施工步骤,篮球场地面硅PU施工步骤价格|篮球场地面硅PU施工步骤报价|篮球场地面硅PU施工步骤方案|篮球场地面硅PU施工步骤标准,硅PU球场,14,草稿,草稿/硅PU球场/BR-074-篮球场地面硅PU施工步骤.json,否,,2026-06-28,,lan-qiu-chang-di-mian-gui-pu-shi-gong-bu-zhou
BR-075,硅PU球场施工方法,硅PU球场施工方法价格|硅PU球场施工方法报价|硅PU球场施工方法方案|硅PU球场施工方法标准,硅PU球场,14,草稿,草稿/硅PU球场/BR-075-硅PU球场施工方法.json,否,,2026-06-28,,gui-pu-qiu-chang-shi-gong-fang-fa
BR-076,硅PU球场对基础的要求,硅PU球场对基础的要求价格|硅PU球场对基础的要求报价|硅PU球场对基础的要求方案|硅PU球场对基础的要求标准,硅PU球场,14,草稿,草稿/硅PU球场/BR-076-硅PU球场对基础的要求.json,否,,2026-06-28,,gui-pu-qiu-chang-dui-ji-chu-de-yao-qiu
BR-077,硅PU篮球场适合什么基础,硅PU篮球场适合什么基础价格|硅PU篮球场适合什么基础报价|硅PU篮球场适合什么基础方案|硅PU篮球场适合什么基础标准,硅PU球场,14,草稿,草稿/硅PU球场/BR-077-硅PU篮球场适合什么基础.json,否,,2026-06-28,,gui-pu-lan-qiu-chang-shi-he-shen-me-ji-chu
BR-078,硅PU篮球场施工需要几天,硅PU篮球场施工需要几天价格|硅PU篮球场施工需要几天报价|硅PU篮球场施工需要几天方案|硅PU篮球场施工需要几天标准,硅PU球场,14,草稿,草稿/硅PU球场/BR-078-硅PU篮球场施工需要几天.json,否,,2026-06-28,,gui-pu-lan-qiu-chang-shi-gong-xu-yao-ji-tian
BR-079,硅PU篮球场施工队伍,硅PU篮球场施工队伍价格|硅PU篮球场施工队伍报价|硅PU篮球场施工队伍方案|硅PU篮球场施工队伍标准,硅PU球场,14,草稿,草稿/硅PU球场/BR-079-硅PU篮球场施工队伍.json,否,,2026-06-28,,gui-pu-lan-qiu-chang-shi-gong-dui-wu
BR-080,硅PU篮球场质保几年,硅PU篮球场质保几年价格|硅PU篮球场质保几年报价|硅PU篮球场质保几年方案|硅PU篮球场质保几年标准,硅PU球场,15,草稿,草稿/硅PU球场/BR-080-硅PU篮球场质保几年.json,否,,2026-06-28,,gui-pu-lan-qiu-chang-zhi-bao-ji-nian
BR-081,硅PU篮球场能用多少年,硅PU篮球场能用多少年价格|硅PU篮球场能用多少年报价|硅PU篮球场能用多少年方案|硅PU篮球场能用多少年标准,硅PU球场,15,草稿,草稿/硅PU球场/BR-081-硅PU篮球场能用多少年.json,否,,2026-06-28,,gui-pu-lan-qiu-chang-neng-yong-duo-shao-nian
BR-082,硅PU篮球场冬季能用吗,硅PU篮球场冬季能用吗价格|硅PU篮球场冬季能用吗报价|硅PU篮球场冬季能用吗方案|硅PU篮球场冬季能用吗标准,硅PU球场,15,草稿,草稿/硅PU球场/BR-082-硅PU篮球场冬季能用吗.json,否,,2026-06-28,,gui-pu-lan-qiu-chang-dong-ji-neng-yong-ma
BR-083,硅PU篮球场防滑吗,硅PU篮球场防滑吗价格|硅PU篮球场防滑吗报价|硅PU篮球场防滑吗方案|硅PU篮球场防滑吗标准,硅PU球场,15,草稿,草稿/硅PU球场/BR-083-硅PU篮球场防滑吗.json,否,,2026-06-28,,gui-pu-lan-qiu-chang-fang-hua-ma
BR-084,硅PU篮球场环保吗,硅PU篮球场环保吗价格|硅PU篮球场环保吗报价|硅PU篮球场环保吗方案|硅PU篮球场环保吗标准,硅PU球场,15,草稿,草稿/硅PU球场/BR-084-硅PU篮球场环保吗.json,否,,2026-06-28,,gui-pu-lan-qiu-chang-huan-bao-ma
BR-085,硅PU篮球场有味道吗,硅PU篮球场有味道吗价格|硅PU篮球场有味道吗报价|硅PU篮球场有味道吗方案|硅PU篮球场有味道吗标准,硅PU球场,15,草稿,草稿/硅PU球场/BR-085-硅PU篮球场有味道吗.json,否,,2026-06-28,,gui-pu-lan-qiu-chang-you-wei-dao-ma
BR-086,硅PU篮球场褪色吗,硅PU篮球场褪色吗价格|硅PU篮球场褪色吗报价|硅PU篮球场褪色吗方案|硅PU篮球场褪色吗标准,硅PU球场,15,草稿,草稿/硅PU球场/BR-086-硅PU篮球场褪色吗.json,否,,2026-06-28,,gui-pu-lan-qiu-chang-tui-se-ma
BR-087,硅PU篮球场可以淋雨吗,硅PU篮球场可以淋雨吗价格|硅PU篮球场可以淋雨吗报价|硅PU篮球场可以淋雨吗方案|硅PU篮球场可以淋雨吗标准,硅PU球场,15,草稿,草稿/硅PU球场/BR-087-硅PU篮球场可以淋雨吗.json,否,,2026-06-28,,gui-pu-lan-qiu-chang-ke-yi-lin-yu-ma
BR-088,硅PU篮球场划线标准,硅PU篮球场划线标准价格|硅PU篮球场划线标准报价|硅PU篮球场划线标准方案|硅PU篮球场划线标准标准,硅PU球场,15,草稿,草稿/硅PU球场/BR-088-硅PU篮球场划线标准.json,否,,2026-06-28,,gui-pu-lan-qiu-chang-hua-xian-biao-zhun
BR-089,硅PU篮球场颜色搭配,硅PU篮球场颜色搭配价格|硅PU篮球场颜色搭配报价|硅PU篮球场颜色搭配方案|硅PU篮球场颜色搭配标准,硅PU球场,15,草稿,草稿/硅PU球场/BR-089-硅PU篮球场颜色搭配.json,否,,2026-06-28,,gui-pu-lan-qiu-chang-yan-se-da-pei
BR-090,硅PU篮球场球场尺寸,硅PU篮球场球场尺寸价格|硅PU篮球场球场尺寸报价|硅PU篮球场球场尺寸方案|硅PU篮球场球场尺寸标准,硅PU球场,15,草稿,草稿/硅PU球场/BR-090-硅PU篮球场球场尺寸.json,否,,2026-06-28,,gui-pu-lan-qiu-chang-qiu-chang-chi-cun
BR-091,硅PU篮球场三分线尺寸,硅PU篮球场三分线尺寸价格|硅PU篮球场三分线尺寸报价|硅PU篮球场三分线尺寸方案|硅PU篮球场三分线尺寸标准,硅PU球场,15,草稿,草稿/硅PU球场/BR-091-硅PU篮球场三分线尺寸.json,否,,2026-06-28,,gui-pu-lan-qiu-chang-san-fen-xian-chi-cun
BR-092,硅PU篮球场基础厚度,硅PU篮球场基础厚度价格|硅PU篮球场基础厚度报价|硅PU篮球场基础厚度方案|硅PU篮球场基础厚度标准,硅PU球场,15,草稿,草稿/硅PU球场/BR-092-硅PU篮球场基础厚度.json,否,,2026-06-28,,gui-pu-lan-qiu-chang-ji-chu-hou-du
BR-093,硅PU篮球场面层厚度,硅PU篮球场面层厚度价格|硅PU篮球场面层厚度报价|硅PU篮球场面层厚度方案|硅PU篮球场面层厚度标准,硅PU球场,15,草稿,草稿/硅PU球场/BR-093-硅PU篮球场面层厚度.json,否,,2026-06-28,,gui-pu-lan-qiu-chang-mian-ceng-hou-du
BR-094,硅PU篮球场弹性层厚度,硅PU篮球场弹性层厚度价格|硅PU篮球场弹性层厚度报价|硅PU篮球场弹性层厚度方案|硅PU篮球场弹性层厚度标准,硅PU球场,15,草稿,草稿/硅PU球场/BR-094-硅PU篮球场弹性层厚度.json,否,,2026-06-28,,gui-pu-lan-qiu-chang-tan-xing-ceng-hou-du
BR-095,硅PU篮球场划线宽度,硅PU篮球场划线宽度价格|硅PU篮球场划线宽度报价|硅PU篮球场划线宽度方案|硅PU篮球场划线宽度标准,硅PU球场,15,草稿,草稿/硅PU球场/BR-095-硅PU篮球场划线宽度.json,否,,2026-06-28,,gui-pu-lan-qiu-chang-hua-xian-kuan-du
BR-096,硅PU篮球场起皮原因,硅PU篮球场起皮原因价格|硅PU篮球场起皮原因报价|硅PU篮球场起皮原因方案|硅PU篮球场起皮原因标准,硅PU球场,15,草稿,草稿/硅PU球场/BR-096-硅PU篮球场起皮原因.json,否,,2026-06-28,,gui-pu-lan-qiu-chang-qi-pi-yuan-yin
BR-097,硅PU篮球场发黑怎么办,硅PU篮球场发黑怎么办价格|硅PU篮球场发黑怎么办报价|硅PU篮球场发黑怎么办方案|硅PU篮球场发黑怎么办标准,硅PU球场,15,草稿,草稿/硅PU球场/BR-097-硅PU篮球场发黑怎么办.json,否,,2026-06-28,,gui-pu-lan-qiu-chang-fa-hei-zen-me-ban
BR-098,硅PU篮球场油渍怎么清洗,硅PU篮球场油渍怎么清洗价格|硅PU篮球场油渍怎么清洗报价|硅PU篮球场油渍怎么清洗方案|硅PU篮球场油渍怎么清洗标准,硅PU球场,15,草稿,草稿/硅PU球场/BR-098-硅PU篮球场油渍怎么清洗.json,否,,2026-06-28,,gui-pu-lan-qiu-chang-you-zi-zen-me-qing-xi
BR-099,硅PU篮球场夏季维护,硅PU篮球场夏季维护价格|硅PU篮球场夏季维护报价|硅PU篮球场夏季维护方案|硅PU篮球场夏季维护标准,硅PU球场,15,草稿,草稿/硅PU球场/BR-099-硅PU篮球场夏季维护.json,否,,2026-06-28,,gui-pu-lan-qiu-chang-xia-ji-wei-hu
BR-100,硅PU篮球场冬季维护,硅PU篮球场冬季维护价格|硅PU篮球场冬季维护报价|硅PU篮球场冬季维护方案|硅PU篮球场冬季维护标准,硅PU球场,15,草稿,草稿/硅PU球场/BR-100-硅PU篮球场冬季维护.json,否,,2026-06-28,,gui-pu-lan-qiu-chang-dong-ji-wei-hu
BR-101,硅PU篮球场日常保养,硅PU篮球场日常保养价格|硅PU篮球场日常保养报价|硅PU篮球场日常保养方案|硅PU篮球场日常保养标准,硅PU球场,15,草稿,草稿/硅PU球场/BR-101-硅PU篮球场日常保养.json,否,,2026-06-28,,gui-pu-lan-qiu-chang-ri-chang-bao-yang
BR-102,硅PU篮球场完工后多久能用,硅PU篮球场完工后多久能用价格|硅PU篮球场完工后多久能用报价|硅PU篮球场完工后多久能用方案|硅PU篮球场完工后多久能用标准,硅PU球场,15,草稿,草稿/硅PU球场/BR-102-硅PU篮球场完工后多久能用.json,否,,2026-06-28,,gui-pu-lan-qiu-chang-wan-gong-hou-duo-jiu-neng-yong
